{
	"format_version": "1.8.0",
	"animations": {
		"animation.starktma.sugar_spawner.is_dying": {
			"loop": "hold_on_last_frame",
			"animation_length": 2,
			"override_previous_animation": true,
			"bones": {
				"root": {
					"rotation": {
						"0.25": [0, 0, 0],
						"0.5": [20, 0, 0]
					},
					"position": {
						"0.25": [0, 0, 0],
						"0.5": [0, -4, 0],
						"1.0625": [0, -4, 9],
						"1.5": [0, -4, 9],
						"2.0": [0, -16, 9]
					}
				},
				"rightArm": {
					"rotation": {
						"0.0": [0, 0, 0],
						"0.25": [52.5, 0, 0],
						"0.75": [52.5, 0, 0],
						"1.0625": [64.56321, -1.5739, -36.92659]
					}
				},
				"leftArm": {
					"rotation": {
						"0.0": [0, 0, 0],
						"0.25": [-45, 0, 0],
						"0.75": [-45, 0, 0],
						"1.0625": [-34.23212, 0.36926, 34.18973]
					}
				},
				"rightLeg": {
					"rotation": {
						"0.25": [0, 0, 0],
						"0.5": [67.5, 0, 0],
						"1.0625": [70, 0, 0]
					}
				},
				"leftLeg": {
					"rotation": {
						"0.25": [0, 0, 0],
						"0.5": [75, 0, 0],
						"1.0625": [70, 0, 0]
					}
				},
				"body": {
					"rotation": {
						"0.0": [0, 0, 0],
						"0.25": [-30, 0, 0],
						"0.5": [-30, 0, 0],
						"1.0625": [60, 0, 0]
					}
				},
				"backpack": {
					"rotation": {
						"0.75": [0, 0, 0],
						"1.0625": [-70, 0, 0]
					},
					"position": {
						"0.75": [0, 0, 0],
						"1.0625": [0, -13, 1],
						"1.5": [0, -13, 1],
						"2.0": [0, -15, 13]
					}
				}
			}
		},
		"animation.starktma.sugar_spawner.is_melee": {
			"animation_length": 0.5,
			"override_previous_animation": true,
			"bones": {
				"rightArm": {
					"rotation": {
						"0.0": [0, 0, 0],
						"0.25": [-42.1233, 29.22738, -6.8499],
						"0.5": [0, 0, 0]
					}
				},
				"tube_1": {
					"rotation": {
						"0.0": [0, 0, 0],
						"0.25": [0, 22.5, 0],
						"0.5": [0, 0, 0]
					}
				}
			}
		}
	}
}